{"stats":{"minecraft:picked_up":{"minecraft:birch_log":10,"minecraft:crafting_table":1,"minecraft:oak_sign":2,"minecraft:birch_sapling":3,"minecraft:dirt":13,"minecraft:cobblestone":1},"minecraft:killed_by":{"minecraft:zombie":1},"minecraft:used":{"minecraft:crafting_table":1,"minecraft:oak_sign":1,"minecraft:wooden_pickaxe":7},"minecraft:dropped":{"minecraft:wooden_pickaxe":1},"minecraft:crafted":{"minecraft:birch_planks":40,"minecraft:stick":16,"minecraft:wooden_pickaxe":2},"minecraft:mined":{"minecraft:grass_block":3,"minecraft:dirt":10,"minecraft:stone":7,"treechop:chopped_log":1,"minecraft:oak_wall_sign":2,"minecraft:crafting_table":1},"minecraft:custom":{"minecraft:open_barrel":2,"minecraft:time_since_rest":8613,"enigmaticlegacy:play_time_with_seven_curses":0,"minecraft:crouch_one_cm":903,"minecraft:sprint_one_cm":8288,"minecraft:play_time":10478,"minecraft:deaths":1,"minecraft:damage_taken":350,"minecraft:walk_one_cm":19240,"minecraft:sneak_time":374,"minecraft:drop":1,"minecraft:jump":38,"minecraft:damage_dealt":49,"minecraft:leave_game":3,"minecraft:time_since_death":8239,"minecraft:climb_one_cm":528,"enigmaticlegacy:play_time_without_seven_curses":10104,"minecraft:total_world_time":10478,"minecraft:interact_with_crafting_table":4,"minecraft:fall_one_cm":1145,"minecraft:fly_one_cm":8104}},"DataVersion":3120}