{"stats":{"minecraft:mined":{"environmental:dwarf_spruce_plant":1,"minecraft:spruce_log":1},"minecraft:crafted":{"minecraft:crafting_table":1,"minecraft:spruce_planks":4},"minecraft:picked_up":{"minecraft:stick":1,"minecraft:spruce_log":1},"minecraft:used":{"minecraft:enchanting_table":1,"minecraft:bookshelf":19,"alexsmobs:animal_dictionary":1},"minecraft:custom":{"minecraft:time_since_rest":9792,"enigmaticlegacy:play_time_with_seven_curses":0,"minecraft:crouch_one_cm":267,"minecraft:play_time":9792,"minecraft:sprint_one_cm":3061,"minecraft:damage_taken":70,"minecraft:walk_one_cm":21978,"minecraft:sneak_time":154,"minecraft:jump":33,"minecraft:leave_game":1,"minecraft:time_since_death":9792,"minecraft:total_world_time":9792,"enigmaticlegacy:play_time_without_seven_curses":9792,"minecraft:enchant_item":4,"minecraft:climb_one_cm":422,"minecraft:fall_one_cm":1726,"minecraft:fly_one_cm":4108}},"DataVersion":3120}