{"stats":{"minecraft:killed_by":{"minecraft:zombie":1},"minecraft:custom":{"minecraft:jump":12,"minecraft:time_since_rest":187,"minecraft:leave_game":1,"enigmaticlegacy:play_time_with_seven_curses":0,"minecraft:damage_dealt":49,"minecraft:crouch_one_cm":56,"minecraft:deaths":1,"minecraft:sprint_one_cm":1653,"minecraft:play_time":2052,"minecraft:damage_taken":270,"minecraft:time_since_death":0,"minecraft:walk_one_cm":4073,"minecraft:sneak_time":5,"enigmaticlegacy:play_time_without_seven_curses":1865,"minecraft:total_world_time":2052,"minecraft:fly_one_cm":2031}},"DataVersion":3120}