{"stats":{"minecraft:killed_by":{"minecraft:zombie":1},"minecraft:custom":{"minecraft:jump":24,"minecraft:time_since_rest":2865,"minecraft:damage_dealt":49,"enigmaticlegacy:play_time_with_seven_curses":0,"minecraft:damage_taken":320,"minecraft:crouch_one_cm":56,"minecraft:leave_game":2,"minecraft:play_time":4730,"minecraft:sprint_one_cm":5281,"minecraft:time_since_death":2491,"minecraft:walk_one_cm":9927,"minecraft:deaths":1,"minecraft:climb_one_cm":528,"minecraft:sneak_time":5,"enigmaticlegacy:play_time_without_seven_curses":4356,"minecraft:total_world_time":4730,"minecraft:fall_one_cm":1145,"minecraft:fly_one_cm":4721}},"DataVersion":3120}