{"stats":{"minecraft:picked_up":{"minecraft:wooden_pickaxe":1},"minecraft:killed_by":{"minecraft:skeleton":1},"minecraft:custom":{"minecraft:jump":2,"minecraft:time_since_rest":4276,"enigmaticlegacy:play_time_with_seven_curses":0,"minecraft:deaths":1,"minecraft:play_time":5904,"minecraft:damage_taken":350,"minecraft:time_since_death":3378,"minecraft:walk_one_cm":1067,"enigmaticlegacy:play_time_without_seven_curses":5006,"minecraft:total_world_time":5904,"minecraft:fall_one_cm":1081,"minecraft:fly_one_cm":266}},"DataVersion":3120}